R,G,B,day_of_year,time_of_day,weather_index,cloud_cover_percent,I_445,I_515,I_630,I_clear,date
0.0,0.0,0.0,212,13.326,1,96,844,1689,2127,13266,20250731
0.9,0.5,0.6,212,13.911,1,100,19888,35221,30901,65535,20250731
1.0,0.8,0.2,212,13.911,1,100,7964,54316,34207,65535,20250731
0.8,1.0,0.6,212,13.911,1,100,20253,65535,28784,65535,20250731
0.0,0.1,0.9,212,13.911,1,100,28791,9686,3991,53746,20250731
0.1,0.8,0.4,212,13.912,1,100,14095,53948,7743,65535,20250731
0.0,0.0,0.0,210,16.483,2,75,626,1123,2272,8518,20250729
0.0,0.0,0.052631579,210,16.483,2,75,2406,1154,2318,10184,20250729
0.0,0.0,0.105263158,210,16.5,2,75,3947,1182,2363,11783,20250729
0.0,0.0,0.157894737,210,16.5,2,75,5487,1204,2398,13179,20250729
0.0,0.0,0.210526316,210,16.5,2,75,7099,1229,2436,14730,20250729
0.0,0.0,0.263157895,210,16.5,2,75,8809,1254,2470,16075,20250729
0.0,0.0,0.315789474,210,16.5,2,75,10360,1276,2504,17556,20250729
0.0,0.0,0.368421053,210,16.5,2,75,11888,1293,2535,19025,20250729
0.0,0.0,0.421052632,210,16.5,2,75,13530,1315,2570,20506,20250729
0.0,0.0,0.473684211,210,16.5,2,75,15152,1336,2605,22121,20250729
0.0,0.0,0.526315789,210,16.5,2,75,16842,1357,2639,23706,20250729
0.0,0.0,0.578947368,210,16.5,2,75,18345,1376,2666,24910,20250729
0.0,0.0,0.631578947,210,16.5,2,75,19952,1397,2701,26513,20250729
0.0,0.0,0.684210526,210,16.5,2,75,21554,1418,2735,27995,20250729
0.0,0.0,0.736842105,210,16.5,2,75,22969,1435,2768,29491,20250729
0.0,0.0,0.789473684,210,16.5,2,75,24748,1455,2798,31012,20250729
0.0,0.0,0.842105263,210,16.5,2,75,26186,1477,2829,32319,20250729
0.0,0.0,0.894736842,210,16.517,2,75,27871,1501,2868,33957,20250729
0.0,0.0,0.947368421,210,16.517,2,75,29288,1521,2903,35476,20250729
0.0,0.0,1.0,210,16.517,2,75,31163,1550,2943,37126,20250729
0.0,0.0,0.0,210,16.45,2,75,549,956,2074,7399,20250729
0.0,0.052631579,0.0,210,16.45,2,75,570,4691,2150,10427,20250729
0.0,0.105263158,0.0,210,16.45,2,75,588,8143,2219,13052,20250729
0.0,0.157894737,0.0,210,16.45,2,75,605,11402,2293,15842,20250729
0.0,0.210526316,0.0,210,16.45,2,75,623,14675,2363,18449,20250729
0.0,0.263157895,0.0,210,16.45,2,75,641,17876,2434,21020,20250729
0.0,0.315789474,0.0,210,16.45,2,75,659,21210,2502,23673,20250729
0.0,0.368421053,0.0,210,16.45,2,75,676,24606,2570,26378,20250729
0.0,0.421052632,0.0,210,16.45,2,75,694,27785,2646,29295,20250729
0.0,0.473684211,0.0,210,16.45,2,75,713,31364,2709,31794,20250729
0.0,0.526315789,0.0,210,16.45,2,75,731,34616,2781,34517,20250729
0.0,0.578947368,0.0,210,16.45,2,75,750,38119,2852,37347,20250729
0.0,0.631578947,0.0,210,16.467,2,75,767,41597,2919,39961,20250729
0.0,0.684210526,0.0,210,16.467,2,75,785,44754,2990,42659,20250729
0.0,0.736842105,0.0,210,16.467,2,75,803,47994,3068,45660,20250729
0.0,0.789473684,0.0,210,16.467,2,75,824,51583,3132,48100,20250729
0.0,0.842105263,0.0,210,16.467,2,75,843,54959,3209,51024,20250729
0.0,0.894736842,0.0,210,16.467,2,75,861,58079,3280,53651,20250729
0.0,0.947368421,0.0,210,16.467,2,75,881,61486,3361,56590,20250729
0.0,1.0,0.0,210,16.467,2,75,904,65190,3441,59532,20250729
0.0,0.0,0.0,210,12.2,1,20,742,1432,1624,10003,20250729
0.052631579,0.0,0.0,210,12.2,1,20,753,1465,3393,11434,20250729
0.105263158,0.0,0.0,210,12.2,1,20,762,1489,4969,12691,20250729
0.157894737,0.0,0.0,210,12.2,1,20,772,1517,6481,13896,20250729
0.210526316,0.0,0.0,210,12.2,1,20,780,1541,8039,15130,20250729
0.263157895,0.0,0.0,210,12.2,1,20,791,1571,9588,16383,20250729
0.315789474,0.0,0.0,210,12.2,1,20,802,1602,11244,17723,20250729
0.368421053,0.0,0.0,210,12.2,1,20,813,1633,12696,18895,20250729
0.421052632,0.0,0.0,210,12.2,1,20,822,1659,14044,19956,20250729
0.473684211,0.0,0.0,210,12.2,1,20,832,1690,15569,21190,20250729
0.526315789,0.0,0.0,210,12.217,1,20,843,1717,17292,22558,20250729
0.578947368,0.0,0.0,210,12.217,1,20,852,1745,18835,23777,20250729
0.631578947,0.0,0.0,210,12.217,1,20,864,1776,20217,24900,20250729
0.684210526,0.0,0.0,210,12.217,1,20,870,1797,21851,26176,20250729
0.736842105,0.0,0.0,210,12.217,1,20,882,1829,23400,27442,20250729
0.789473684,0.0,0.0,210,12.217,1,20,892,1858,24949,28666,20250729
0.842105263,0.0,0.0,210,12.217,1,20,899,1880,26551,29914,20250729
0.894736842,0.0,0.0,210,12.217,1,20,910,1911,28132,31165,20250729
0.947368421,0.0,0.0,210,12.217,1,20,919,1935,29562,32280,20250729
1.0,0.0,0.0,210,12.217,1,20,925,1959,31492,33758,20250729
0.147,0.372,0.394,210,17.6,1,20,12897,25180,7587,43114,20250729
0.147,0.372,0.394,210,17.6,1,20,12826,25183,7700,43091,20250729
0.147,0.372,0.394,210,17.6,1,20,12834,25273,7634,43074,20250729
0.147,0.372,0.394,210,17.6,1,20,12845,25206,7483,41880,20250729
0.147,0.372,0.394,210,17.6,1,20,12822,25169,7557,43337,20250729
0.147,0.372,0.394,210,17.6,1,20,12728,24977,7702,43500,20250729
0.147,0.372,0.394,210,17.6,1,20,12959,25332,7605,43339,20250729
0.147,0.372,0.394,210,17.6,1,20,12777,25172,7641,43799,20250729
0.147,0.372,0.394,210,17.6,1,20,12837,25170,7684,43611,20250729
0.147,0.372,0.394,210,17.6,1,20,12866,25218,7526,42983,20250729
0.147,0.372,0.394,210,17.6,1,20,12969,25432,7521,43063,20250729
0.147,0.372,0.394,210,17.617,1,20,12824,25143,7723,44151,20250729
0.147,0.372,0.394,210,17.617,1,20,12981,25462,7733,44065,20250729
0.147,0.372,0.394,210,17.617,1,20,12964,25381,7689,43953,20250729
0.147,0.372,0.394,210,17.617,1,20,12835,25199,7673,44244,20250729
0.147,0.372,0.394,210,17.617,1,20,12799,25288,7677,44213,20250729
0.147,0.372,0.394,210,17.617,1,20,12860,25201,7745,44209,20250729
0.147,0.372,0.394,210,17.617,1,20,12841,25168,7722,43968,20250729
0.147,0.372,0.394,210,17.617,1,20,12905,25166,7730,44178,20250729
0.147,0.372,0.394,210,17.617,1,20,12852,25158,7763,44413,20250729
0.147,0.372,0.394,210,17.617,1,20,12778,25069,7661,43923,20250729
0.147,0.372,0.394,210,17.617,1,20,12939,25275,7710,44067,20250729
0.147,0.372,0.394,210,17.617,1,20,12824,25082,7723,44164,20250729
0.147,0.372,0.394,210,17.617,1,20,12911,25246,7743,44123,20250729
0.147,0.372,0.394,210,17.617,1,20,12946,25320,7608,42690,20250729
0.147,0.372,0.394,210,17.633,1,20,12793,25247,7710,43797,20250729
0.147,0.372,0.394,210,17.633,1,20,12913,25278,7592,44139,20250729
0.147,0.372,0.394,210,17.633,1,20,12817,25117,7548,42598,20250729
0.147,0.372,0.394,210,17.633,1,20,12764,25136,7740,44372,20250729
0.147,0.372,0.394,210,17.633,1,20,12884,25254,7712,44104,20250729
0.147,0.372,0.394,210,17.633,1,20,12856,25161,7720,43124,20250729
0.147,0.372,0.394,210,17.633,1,20,13040,25752,7870,43835,20250729
0.147,0.372,0.394,210,17.633,1,20,12923,25304,7566,44298,20250729
0.147,0.372,0.394,210,17.633,1,20,12895,25260,7622,43420,20250729
0.147,0.372,0.394,210,17.633,1,20,12855,25177,7742,44332,20250729
0.147,0.372,0.394,210,17.633,1,20,12888,25343,7633,44464,20250729
0.147,0.372,0.394,210,17.633,1,20,12999,25323,7651,44299,20250729
0.147,0.372,0.394,210,17.633,1,20,12767,25081,7731,43359,20250729
0.147,0.372,0.394,210,17.633,1,20,12829,25031,7728,44383,20250729
0.147,0.372,0.394,210,17.633,1,20,12782,25170,7665,44024,20250729
0.147,0.372,0.394,210,17.65,1,20,12848,25302,7573,43607,20250729
0.147,0.372,0.394,210,17.65,1,20,12965,25286,7783,44360,20250729
0.147,0.372,0.394,210,17.65,1,20,12797,25179,7721,44192,20250729
0.147,0.372,0.394,210,17.65,1,20,12916,25327,7703,44130,20250729
0.147,0.372,0.394,210,17.65,1,20,12778,25297,7716,44508,20250729
0.147,0.372,0.394,210,17.65,1,20,12954,25354,7706,43932,20250729
0.147,0.372,0.394,210,17.65,1,20,12843,25246,7702,42853,20250729
0.147,0.372,0.394,210,17.65,1,20,12793,25242,7684,44727,20250729
0.147,0.372,0.394,210,17.65,1,20,12844,25178,7717,43917,20250729
0.147,0.372,0.394,210,17.65,1,20,12942,25500,7681,44066,20250729
0.248,0.317,0.64,212,13.467,1,20,21153,23569,11708,61109,20250731
0.036,0.811,0.71,212,13.483,1,20,23377,55096,6207,65535,20250731
0.806,0.234,0.296,212,13.483,1,20,10558,18022,27610,58082,20250731
0.762,0.499,0.325,212,13.483,1,20,11505,34956,26745,65535,20250731
0.382,0.24,0.735,212,13.483,1,20,23927,18633,15490,59742,20250731
0.676,0.108,0.242,212,13.483,1,20,8922,10379,23816,49199,20250731
0.696,0.724,0.106,212,13.483,1,20,4999,49291,24911,65535,20250731
0.294,0.088,0.902,212,13.483,1,20,28797,9169,12989,57889,20250731
0.497,0.514,0.549,212,13.483,1,20,18534,36192,19134,65535,20250731
0.554,0.056,0.26,212,13.483,1,20,9538,7151,20371,45352,20250731
0.567,0.634,0.342,212,13.483,1,20,12242,43857,21372,65535,20250731
0.862,0.023,0.951,212,13.483,1,20,30381,5559,29619,65535,20250731
0.782,0.444,0.427,212,13.483,1,20,14750,31804,27472,65535,20250731
0.752,0.661,0.184,212,13.5,1,20,7448,45541,26648,65535,20250731
0.237,0.867,0.401,212,13.5,1,20,13953,58379,11943,65535,20250731
0.983,0.18,0.922,212,13.5,1,20,29533,15133,33384,65535,20250731
0.091,0.615,0.651,212,13.5,1,20,21380,42199,7620,65535,20250731
0.331,0.007,0.09,212,13.5,1,20,4292,3866,13438,33200,20250731
0.182,0.525,0.5,212,13.5,1,20,16803,36623,10134,65535,20250731
0.017,0.585,0.868,212,13.5,1,20,28131,40883,5672,65535,20250731
0.608,0.347,0.488,212,13.5,1,20,16437,25397,22217,62359,20250731
0.848,0.388,0.454,212,13.5,1,20,15594,28554,29402,65535,20250731
0.622,0.777,0.158,212,13.5,1,20,6642,52838,22977,65535,20250731
0.88,0.996,0.975,212,13.5,1,20,31483,65535,31717,65535,20250731
0.475,0.713,0.796,212,13.517,1,20,26121,49332,19268,65535,20250731
0.959,0.759,0.034,212,13.517,1,20,3021,51679,32952,65535,20250731
0.506,0.4,0.835,212,13.517,1,20,27008,29156,19601,65535,20250731
0.726,0.067,0.206,212,13.517,1,20,7941,7886,25248,48967,20250731
0.969,0.154,0.777,212,13.517,1,20,25431,13648,33077,65535,20250731
0.822,0.217,0.392,212,13.517,1,20,13788,17725,28475,60792,20250731
0.058,0.565,0.308,212,13.517,1,20,11144,39237,6663,63047,20250731
0.313,0.834,0.178,212,13.517,1,20,7453,56703,14383,65535,20250731
0.708,0.293,0.378,212,13.517,1,20,13258,22199,25498,60888,20250731
0.137,0.172,0.888,212,13.517,1,20,28618,15090,9108,61033,20250731
0.582,0.922,0.86,212,13.517,1,20,28114,62518,22811,65535,20250731
0.075,0.881,0.561,212,13.517,1,20,18953,59624,7765,65535,20250731
0.17,0.426,0.81,212,13.533,1,20,26413,30779,9981,65535,20250731
0.117,0.339,0.068,212,13.533,1,20,3889,24926,7989,47288,20250731
0.261,0.914,0.235,212,13.533,1,20,9205,61676,12974,65535,20250731
0.4,0.478,0.531,212,13.533,1,20,17987,34152,16549,65535,20250731
0.202,0.264,0.753,212,13.533,1,20,24651,20518,10683,59531,20250731
0.653,0.688,0.009,212,13.533,1,20,2330,47277,24224,65535,20250731
0.366,0.64,0.665,212,13.533,1,20,22208,44653,15963,65535,20250731
0.531,0.97,0.604,212,13.533,1,20,20486,65535,21282,65535,20250731
0.936,0.137,0.688,212,13.533,1,20,22745,12908,32251,65535,20250731
0.427,0.55,0.13,212,13.533,1,20,5939,38751,17364,64714,20250731
0.913,0.847,0.055,212,13.533,1,20,3902,57667,32147,65535,20250731
0.453,0.368,0.462,212,13.533,1,20,15933,27102,18115,61868,20250731
0.341,0.955,0.985,212,13.55,1,20,31926,64775,16234,65535,20250731
0.144,0.79,0.599,212,13.55,1,20,20349,54171,9986,65535,20250731
